{
  "userinfo": [
    {
      "id": "Admin",
      "uname": "Admin",
      "password": "updated"
    }
  ],
  "employees": [
    {
      "id": 1,
      "fname": "Erwin",
      "lname": "Smith",
      "email": "erwin@hotmail.com"
    },
    {
      "id": 2,
      "fname": "Jones",
      "lname": "Clark",
      "email": "jc@mail.com"
    },
    {
      "id": 3,
      "fname": "Oliver",
      "lname": "Queen",
      "email": "queen@mail.com"
    },
    {
      "id": 5,
      "fname": "Mason",
      "lname": "Nacht",
      "email": "drnacht@mail.com"
    },
    {
      "id": 6,
      "fname": "Albus",
      "lname": "Potter",
      "email": "severus@mail.com"
    },
    {
      "id": 7,
      "fname": "Acier",
      "lname": "Silva",
      "email": "dcacier@mail.com"
    },
    {
      "id": 8,
      "fname": "Julius",
      "lname": "Trott",
      "email": "jtr00@mail.com"
    },
    {
      "id": 9,
      "fname": "Henry",
      "lname": "Klein",
      "email": "clu@mail.com"
    },
    {
      "id": 10,
      "fname": "Satoru",
      "lname": "Gojo",
      "email": "jk@mail.com"
    },
    {
      "id": "11",
      "fname": "Kiyotaka",
      "lname": "Ayanokoji",
      "email": "cote@cmail.com"
    }
  ]
}